id,main,description,icon,base,visibility,dt,timezone,name,cod,coord_lon,coord_lat,main_temp,main_feels_like,main_temp_min,main_temp_max,main_pressure,main_humidity,main_sea_level,main_grnd_level,wind_speed,wind_deg,wind_gust,clouds_all,sys_country,sys_sunrise,sys_sunset,sys_type,sys_id,date_time
804,Clouds,overcast clouds,04d,stations,10000,1746087238,19800,Port Blair,200,92.75,11.6667,30.07,34.97,30.07,30.07,1009,69,1009,1005,1.94,235,1.95,100,IN,1746055786,1746100936,0,0,2025-05-01 08:13:58
800,Clear,clear sky,01d,stations,10000,1746087238,19800,Chirala,200,80.3522,15.8238,32.81,37.7,32.81,32.81,1008,56,1008,1007,5.86,143,4.84,3,IN,1746058471,1746104202,0,0,2025-05-01 08:13:58
800,Clear,clear sky,01d,stations,10000,1746087238,19800,Kondapalle,200,80.3667,16.5667,40.3,42.83,40.3,40.3,1006,28,1006,1001,4.91,173,4.43,1,IN,1746058415,1746104251,0,0,2025-05-01 08:13:58
800,Clear,clear sky,01d,stations,10000,1746087238,19800,Guntur,200,80.4573,16.2997,38.36,41.2,38.36,38.36,1007,33,1007,1003,6.13,161,3.9,1,IN,1746058412,1746104210,0,0,2025-05-01 08:13:58
801,Clouds,few clouds,02d,stations,10000,1746087238,19800,Hindupur,200,77.4914,13.8281,36.36,35.14,36.36,36.36,1007,23,1007,935,0.91,50,3.21,13,IN,1746059298,1746104748,0,0,2025-05-01 08:13:58
800,Clear,clear sky,01d,stations,10000,1746087238,19800,Kothapet,200,79.4661,19.3316,41.3,40.91,41.3,41.3,1005,19,1005,978,3.72,175,3.89,0,IN,1746058429,1746104669,0,0,2025-05-01 08:13:58
803,Clouds,broken clouds,04d,stations,10000,1746086826,19800,Ramanayyapeta,200,82.236,16.9606,34.16,38.4,34.16,34.16,1008,49,1008,1007,3.72,112,2.28,70,IN,1746057938,1746103831,0,0,2025-05-01 08:07:06
800,Clear,clear sky,01d,stations,10000,1746087239,19800,Alampur,200,78.036,15.8289,39.99,39.06,39.99,39.99,1005,19,1005,971,1.15,239,1.82,5,IN,1746059027,1746104758,0,0,2025-05-01 08:13:59
801,Clouds,few clouds,02d,stations,10000,1746087239,19800,Machilipatnam,200,81.1389,16.1875,34.28,40.88,34.28,34.28,1007,55,1007,1007,7.92,123,6.27,21,IN,1746058257,1746104039,0,0,2025-05-01 08:13:59
800,Clear,clear sky,01d,stations,10000,1746087239,19800,Nandyal,200,78.4836,15.478,40.29,40.46,40.29,40.29,1005,22,1005,981,2.79,205,3.51,0,IN,1746058944,1746104626,0,0,2025-05-01 08:13:59
800,Clear,clear sky,01d,stations,10000,1746087239,19800,Nellore,200,79.987,14.4499,37.69,41.87,37.69,37.69,1006,38,1006,1004,8.12,107,5.46,7,IN,1746058656,1746104192,0,0,2025-05-01 08:13:59
800,Clear,clear sky,01d,stations,10000,1746087239,19800,Ongole,200,80.0445,15.5036,34.54,39.6,34.54,34.54,1007,50,1007,1005,6.46,121,5.0,7,IN,1746058568,1746104253,0,0,2025-05-01 08:13:59
800,Clear,clear sky,01d,stations,10000,1746087239,19800,Proddatur,200,78.5481,14.7502,40.19,40.66,40.19,40.19,1005,23,1005,985,0.16,45,1.31,5,IN,1746058980,1746104559,0,0,2025-05-01 08:13:59
800,Clear,clear sky,01d,stations,10000,1746087239,19800,Rajahmundry,200,81.7778,17.0052,37.27,41.39,37.27,37.27,1007,39,1007,1003,5.85,117,3.79,0,IN,1746058045,1746103944,0,0,2025-05-01 08:13:59
802,Clouds,scattered clouds,03d,stations,10000,1746087239,19800,Akkarampalle,200,79.4199,13.6355,39.51,41.0,39.51,39.51,1006,27,1006,970,4.04,144,5.31,27,IN,1746058849,1746104272,0,0,2025-05-01 08:13:59
801,Clouds,few clouds,02d,stations,10000,1746087239,19800,Alipur,200,83.2977,17.7041,30.69,35.69,30.69,30.69,1009,66,1009,1003,4.65,148,3.78,18,IN,1746057629,1746103630,0,0,2025-05-01 08:13:59
801,Clouds,few clouds,02d,stations,10000,1746087239,19800,Vizianagaram,200,83.3977,18.1133,34.62,40.94,34.62,34.62,1008,53,1008,1001,6.26,144,3.82,12,IN,1746057575,1746103636,0,0,2025-05-01 08:13:59
804,Clouds,overcast clouds,04d,stations,10000,1746087240,19800,Naharlagun,200,93.692,27.1023,24.32,24.32,24.32,24.32,1012,58,1012,959,1.97,314,2.84,100,IN,1746054402,1746101868,0,0,2025-05-01 08:14:00
804,Clouds,overcast clouds,04d,stations,10000,1746087240,19800,Dibrugarh,200,94.9084,27.4799,29.73,30.66,29.73,29.73,1010,50,1010,998,4.1,263,4.85,100,IN,1746054078,1746101608,0,0,2025-05-01 08:14:00
800,Clear,clear sky,01d,stations,10000,1746087240,19800,Dispur,200,91.8007,26.1356,35.79,34.96,35.79,35.79,1008,26,1008,988,3.97,68,4.63,0,IN,1746054937,1746102241,0,0,2025-05-01 08:14:00
800,Clear,clear sky,01d,stations,10000,1746086751,19800,Guwahati,200,91.7572,26.177,35.86,34.86,35.86,35.86,1008,25,1008,995,4.8,76,5.37,2,IN,1746054944,1746102255,0,0,2025-05-01 08:05:51
804,Clouds,overcast clouds,04d,stations,10000,1746087240,19800,Jorhat,200,94.2031,26.7575,31.61,31.73,31.61,31.61,1010,40,1010,1000,4.45,88,4.08,98,IN,1746054309,1746101716,0,0,2025-05-01 08:14:00
801,Clouds,few clouds,02d,stations,10000,1746087240,19800,Silchar,200,92.7979,24.8273,33.24,34.17,33.24,33.24,1008,40,1008,1003,1.63,287,2.02,18,IN,1746054805,1746101895,0,0,2025-05-01 08:14:00
803,Clouds,broken clouds,04d,stations,10000,1746087241,19800,Tezpur,200,92.8,26.6333,34.06,32.88,34.06,34.06,1009,27,1009,1001,5.1,96,4.7,56,IN,1746054656,1746102043,0,0,2025-05-01 08:14:01
804,Clouds,overcast clouds,04d,stations,10000,1746087241,19800,Aurangabad,200,84.3742,24.752,34.73,33.73,34.73,34.73,1007,27,1007,995,4.09,255,2.45,86,IN,1746056832,1746103911,0,0,2025-05-01 08:14:01
801,Clouds,few clouds,02d,stations,10000,1746087241,19800,Bhagalpur,200,86.9718,25.2445,36.96,35.73,36.96,36.96,1008,22,1008,1004,2.7,68,2.1,20,IN,1746056168,1746103327,0,0,2025-05-01 08:14:01
800,Clear,clear sky,01d,stations,10000,1746087241,19800,Gaya,200,85.0039,24.7969,37.55,36.29,37.55,37.55,1007,21,1007,994,3.14,61,3.61,8,IN,1746056677,1746103763,0,0,2025-05-01 08:14:01
804,Clouds,overcast clouds,04d,stations,10000,1746087241,19800,Muzaffarpur,200,85.3906,26.1226,36.49,35.31,36.49,36.49,1008,23,1008,1001,5.15,75,5.19,100,IN,1746056475,1746103779,0,0,2025-05-01 08:14:01
804,Clouds,overcast clouds,04d,stations,10000,1746087241,19800,Patna,200,85.101,25.6154,36.89,35.63,36.89,36.89,1007,22,1007,1001,1.57,84,2.67,100,IN,1746056587,1746103807,0,0,2025-05-01 08:14:01
800,Clear,clear sky,01d,stations,10000,1746087241,19800,Purnia,200,87.4737,25.7767,36.47,35.48,36.47,36.47,1008,24,1008,1004,4.11,85,3.94,0,IN,1746056004,1746103251,0,0,2025-05-01 08:14:01
800,Clear,clear sky,01d,stations,10000,1746087241,19800,Chandigarh,200,76.7884,30.7363,37.93,36.16,37.93,37.93,1007,18,1007,968,5.72,159,4.88,0,IN,1746058137,1746106246,0,0,2025-05-01 08:14:01
800,Clear,clear sky,01d,stations,10000,1746087241,19800,Bhilai,200,81.4285,21.2092,39.69,42.97,39.69,39.69,1007,31,1007,972,2.47,240,3.85,0,IN,1746057817,1746104340,0,0,2025-05-01 08:14:01
800,Clear,clear sky,01d,stations,10000,1746087241,19800,Bilaspur,200,82.1554,22.08,37.53,36.95,37.53,37.53,1007,24,1007,977,2.28,25,4.49,0,IN,1746057575,1746104232,0,0,2025-05-01 08:14:01
800,Clear,clear sky,01d,stations,10000,1746086712,19800,Raipur,200,81.6333,21.2333,39.54,44.51,39.54,39.54,1008,35,1008,973,2.38,262,4.37,0,IN,1746057766,1746104292,0,0,2025-05-01 08:05:12
800,Clear,clear sky,01d,stations,10000,1746087213,19800,Silvassa,200,73.0041,20.2655,38.7,37.34,38.7,38.7,1008,19,1008,1001,5.82,303,5.54,0,IN,1746059909,1746106291,0,0,2025-05-01 08:13:33
800,Clear,clear sky,01d,stations,10000,1746087241,19800,Daman,200,72.8324,20.4143,31.96,35.03,31.96,31.96,1008,53,1008,1008,4.65,268,4.6,0,IN,1746059939,1746106343,0,0,2025-05-01 08:14:01
800,Clear,clear sky,01d,stations,10000,1746087241,19800,Gogola,200,70.988,20.7151,37.21,39.05,37.21,37.21,1007,33,1007,1006,7.68,244,6.75,0,IN,1746060359,1746106809,0,0,2025-05-01 08:14:01
800,Clear,clear sky,01d,stations,10000,1746087242,19800,Connaught Place,200,77.2315,28.652,35.6,35.79,35.6,35.6,1008,31,1008,981,2.8,117,2.62,0,IN,1746058217,1746105954,0,0,2025-05-01 08:14:02
800,Clear,clear sky,01d,stations,10000,1746087242,19800,"Parliament House, Delhi",200,77.2,28.6,35.38,35.69,35.38,35.38,1008,32,1008,981,2.98,112,2.43,0,IN,1746058229,1746105957,0,0,2025-05-01 08:14:02
800,Clear,clear sky,01d,stations,10000,1746087242,19800,Panjim,200,73.8245,15.4983,30.63,35.29,30.63,30.63,1007,65,1007,1007,7.32,282,6.88,3,IN,1746060060,1746105746,0,0,2025-05-01 08:14:02
800,Clear,clear sky,01d,stations,10000,1746086834,19800,Ahmedabad,200,72.5871,23.0276,43.47,40.18,43.47,43.47,1006,9,1006,1000,5.68,278,6.54,6,IN,1746059797,1746106603,0,0,2025-05-01 08:07:14
800,Clear,clear sky,01d,stations,10000,1746087242,19800,Bhavnagar,200,72.1525,21.7745,38.22,38.24,38.22,38.22,1007,25,1007,1004,1.75,173,5.85,0,IN,1746059999,1746106610,0,0,2025-05-01 08:14:02
800,Clear,clear sky,01d,stations,10000,1746087037,19800,Bhuj,200,69.6693,23.2498,40.35,38.18,40.35,40.35,1007,14,1007,992,9.56,249,8.76,0,IN,1746060479,1746107321,0,0,2025-05-01 08:10:37
800,Clear,clear sky,01d,stations,10000,1746087123,19800,Gandhinagar,200,72.6833,23.2167,43.03,39.74,43.03,43.03,1006,9,1006,997,7.12,280,7.7,6,IN,1746059759,1746106595,0,0,2025-05-01 08:12:03
800,Clear,clear sky,01d,stations,10000,1746087242,19800,Gandevi,200,72.9167,20.85,33.63,35.56,33.63,33.63,1008,43,1008,1007,4.57,256,4.66,0,IN,1746059886,1746106356,0,0,2025-05-01 08:14:02
800,Clear,clear sky,01d,stations,10000,1746087242,19800,Porbandar,200,69.6009,21.6413,32.65,35.07,32.65,32.65,1009,48,1009,1007,7.06,270,7.53,0,IN,1746060621,1746107212,0,0,2025-05-01 08:14:02
800,Clear,clear sky,01d,stations,10000,1746087242,19800,Rajkot,200,70.7932,22.2916,41.1,38.08,41.1,41.1,1007,10,1007,990,6.41,266,6.51,0,IN,1746060285,1746106976,0,0,2025-05-01 08:14:02
800,Clear,clear sky,01d,stations,10000,1746087042,19800,Surat,200,72.8302,21.1959,39.27,37.84,39.27,39.27,1007,18,1007,1006,4.24,269,4.69,1,IN,1746059880,1746106403,0,0,2025-05-01 08:10:42
800,Clear,clear sky,01d,stations,10000,1746087038,19800,Vadodara,200,73.2081,22.2994,42.74,39.74,42.74,42.74,1006,10,1006,1002,5.33,266,6.38,2,IN,1746059705,1746106397,0,0,2025-05-01 08:10:38
800,Clear,clear sky,01d,stations,10000,1746087243,19800,Ambala,200,76.7978,30.361,38.48,36.63,38.48,38.48,1007,17,1007,977,4.3,119,2.95,1,IN,1746058169,1746106210,0,0,2025-05-01 08:14:03
800,Clear,clear sky,01d,stations,10000,1746087052,19800,Bhiwani,200,76.1397,28.793,38.72,36.92,38.72,38.72,1006,17,1006,981,4.31,111,3.54,0,IN,1746058467,1746106228,0,0,2025-05-01 08:10:52
800,Clear,clear sky,01d,stations,10000,1746087243,19800,Faridabad,200,77.3132,28.4112,36.2,35.98,36.2,36.2,1008,28,1008,981,3.84,121,2.53,0,IN,1746058219,1746105913,0,0,2025-05-01 08:14:03
800,Clear,clear sky,01d,stations,10000,1746086741,19800,Gurgaon,200,77.0299,28.4646,35.67,35.9,35.67,35.67,1008,31,1008,980,3.62,114,2.42,0,IN,1746058282,1746105986,0,0,2025-05-01 08:05:41
800,Clear,clear sky,01d,stations,10000,1746087243,19800,Hisar,200,75.7229,29.1539,39.85,37.83,39.85,39.85,1005,15,1005,981,4.57,113,4.11,0,IN,1746058535,1746106360,0,0,2025-05-01 08:14:03
800,Clear,clear sky,01d,stations,10000,1746087131,19800,Karnal,200,76.9796,29.6877,38.09,36.36,38.09,38.09,1007,18,1007,979,3.86,133,2.65,3,IN,1746058186,1746106105,0,0,2025-05-01 08:12:11
800,Clear,clear sky,01d,stations,10000,1746087243,19800,Chandigarh,200,76.8537,30.6915,37.88,36.1,37.88,37.88,1007,18,1007,964,5.62,160,4.93,0,IN,1746058126,1746106226,0,0,2025-05-01 08:14:03
800,Clear,clear sky,01d,stations,10000,1746086787,19800,Panipat,200,76.9681,29.3889,37.82,36.22,37.82,37.82,1007,19,1007,980,3.97,139,3.05,2,IN,1746058216,1746106082,0,0,2025-05-01 08:06:27
800,Clear,clear sky,01d,stations,10000,1746087243,19800,Rohtak,200,76.5892,28.8945,37.29,36.16,37.29,37.29,1007,22,1007,981,4.92,105,2.98,0,IN,1746058350,1746106129,0,0,2025-05-01 08:14:03
800,Clear,clear sky,01d,stations,10000,1746087283,19800,Sirsa,200,75.029,29.5349,41.05,39.0,41.05,41.05,1005,14,1005,982,4.18,122,3.8,0,IN,1746058668,1746106560,0,0,2025-05-01 08:14:43
800,Clear,clear sky,01d,stations,10000,1746087243,19800,Sonipat,200,77.0194,28.9948,36.58,35.84,36.58,36.58,1007,25,1007,981,4.47,155,3.92,0,IN,1746058238,1746106034,0,0,2025-05-01 08:14:03
804,Clouds,overcast clouds,04d,stations,10000,1746087139,19800,Shimla,200,77.1659,31.1034,23.45,22.63,23.45,23.45,1011,30,1011,851,2.72,200,2.98,97,IN,1746058013,1746106189,0,0,2025-05-01 08:12:19
800,Clear,clear sky,01d,stations,10000,1746087243,19800,Baramula,200,74.3429,34.209,25.74,25.18,25.74,25.74,1013,31,1013,796,2.53,81,1.86,0,IN,1746058393,1746107164,0,0,2025-05-01 08:14:03
800,Clear,clear sky,01d,stations,10000,1746087244,19800,Jammu,200,74.8691,32.7357,37.4,35.53,37.4,37.4,1007,18,1007,967,2.36,159,1.79,0,IN,1746058411,1746106894,0,0,2025-05-01 08:14:04
800,Clear,clear sky,01d,stations,10000,1746087244,19800,Sopur,200,74.4571,34.3182,26.23,26.23,26.23,26.23,1011,23,1011,830,1.71,128,1.68,0,IN,1746058355,1746107148,0,0,2025-05-01 08:14:04
800,Clear,clear sky,01d,stations,10000,1746087244,19800,Srinagar,200,74.8056,34.0857,26.5,26.5,26.5,26.5,1012,21,1012,830,1.72,195,1.54,0,IN,1746058294,1746107041,0,0,2025-05-01 08:14:04
802,Clouds,scattered clouds,03d,stations,10000,1746087244,19800,Dhanbad,200,86.4432,23.802,35.57,34.67,35.57,35.57,1007,26,1007,984,2.95,145,2.7,50,IN,1746056412,1746103338,0,0,2025-05-01 08:14:04
801,Clouds,few clouds,02d,stations,10000,1746087244,19800,Jamshedpur,200,86.1854,22.8028,37.4,36.77,37.4,37.4,1007,24,1007,986,1.9,150,2.05,19,IN,1746056552,1746103321,0,0,2025-05-01 08:14:04
804,Clouds,overcast clouds,04d,stations,10000,1746087244,19800,Ranchi,200,85.3386,23.3478,29.58,28.66,29.58,29.58,1008,34,1008,937,1.09,93,3.95,100,IN,1746056713,1746103567,0,0,2025-05-01 08:14:04
802,Clouds,scattered clouds,03d,stations,10000,1746087244,19800,Jamadoba,200,86.4127,23.7,35.99,35.24,35.99,35.99,1007,26,1007,985,3.03,154,2.52,39,IN,1746056427,1746103337,0,0,2025-05-01 08:14:04
800,Clear,clear sky,01d,stations,10000,1746087244,19800,Belgaum,200,74.5085,15.8626,37.8,35.09,37.8,37.8,1008,12,1008,925,4.07,46,5.01,2,IN,1746059870,1746105607,0,0,2025-05-01 08:14:04
800,Clear,clear sky,01d,stations,10000,1746087244,19800,Bellary,200,76.924,15.142,39.86,38.09,39.86,39.86,1005,16,1005,954,3.67,312,4.03,2,IN,1746059342,1746104976,0,0,2025-05-01 08:14:04
803,Clouds,broken clouds,04d,stations,10000,1746086864,19800,Kanija Bhavan,200,77.5901,12.9768,35.06,33.51,35.06,35.06,1008,23,1008,913,1.83,51,4.29,75,IN,1746059333,1746104665,0,0,2025-05-01 08:07:44
800,Clear,clear sky,01d,stations,10000,1746087245,19800,Bidar,200,77.5301,17.9133,39.36,36.86,39.36,39.36,1006,13,1006,939,5.14,31,5.25,0,IN,1746058998,1746105030,0,0,2025-05-01 08:14:05
800,Clear,clear sky,01d,stations,10000,1746087245,19800,Bijapur,200,75.719,16.8277,39.62,36.62,39.62,39.62,1007,10,1007,940,8.26,28,6.52,0,IN,1746059511,1746105386,0,0,2025-05-01 08:14:05
803,Clouds,broken clouds,04d,stations,10000,1746087245,19800,Mandya,200,76.8951,12.5456,38.7,37.34,38.7,38.7,1006,19,1006,928,4.22,76,3.87,53,IN,1746059530,1746104802,0,0,2025-05-01 08:14:05
800,Clear,clear sky,01d,stations,10000,1746087245,19800,Davangere,200,75.9238,14.4692,38.41,36.75,38.41,38.41,1006,18,1006,941,3.61,345,4.38,5,IN,1746059629,1746105169,0,0,2025-05-01 08:14:05
800,Clear,clear sky,01d,stations,10000,1746087245,19800,Gulbarga,200,76.8376,17.3358,41.14,38.12,41.14,41.14,1005,10,1005,954,6.47,22,6.19,0,IN,1746059206,1746105154,0,0,2025-05-01 08:14:05
800,Clear,clear sky,01d,stations,10000,1746087245,19800,Hospet,200,76.3871,15.2695,37.23,36.08,37.23,37.23,1006,22,1006,948,0.8,138,3.84,5,IN,1746059462,1746105114,0,0,2025-05-01 08:14:05
800,Clear,clear sky,01d,stations,10000,1746086833,19800,Hubli,200,75.138,15.3518,38.85,36.32,38.85,38.85,1007,13,1007,938,5.23,41,5.88,1,IN,1746059756,1746105420,0,0,2025-05-01 08:07:13
803,Clouds,broken clouds,04d,stations,10000,1746087245,19800,Kolar,200,78.13,13.1377,35.0,33.74,35.0,35.0,1008,25,1008,913,2.12,72,4.02,79,IN,1746059193,1746104547,0,0,2025-05-01 08:14:05
801,Clouds,few clouds,02d,stations,10000,1746087245,19800,Mangalore,200,74.8424,12.8654,30.33,35.34,30.33,30.33,1008,68,1008,1006,6.14,275,5.08,22,IN,1746060000,1746105317,0,0,2025-05-01 08:14:05
804,Clouds,overcast clouds,04d,stations,10000,1746087245,19800,Mysore,200,76.6385,12.2927,37.53,36.26,37.53,37.53,1006,21,1006,925,2.12,172,3.7,91,IN,1746059609,1746104847,0,0,2025-05-01 08:14:05
800,Clear,clear sky,01d,stations,10000,1746087245,19800,Raichur,200,77.3557,16.2055,40.12,38.16,40.12,40.12,1005,15,1005,963,3.69,58,4.63,0,IN,1746059163,1746104948,0,0,2025-05-01 08:14:05
801,Clouds,few clouds,02d,stations,10000,1746087246,19800,Shimoga,200,75.5726,13.9324,39.45,38.33,39.45,39.45,1007,19,1007,936,1.98,10,2.86,12,IN,1746059751,1746105216,0,0,2025-05-01 08:14:06
804,Clouds,overcast clouds,04d,stations,10000,1746086623,19800,Alappuzha,200,76.3264,9.49,29.61,35.49,29.61,29.61,1009,76,1009,1009,3.35,213,3.37,100,IN,1746059874,1746104731,0,0,2025-05-01 08:03:43
804,Clouds,overcast clouds,04d,stations,10000,1746086834,19800,Kozhikode,200,75.7797,11.2528,30.76,36.68,30.76,30.76,1009,69,1009,1007,3.55,279,2.59,100,IN,1746059886,1746104982,0,0,2025-05-01 08:07:14
804,Clouds,overcast clouds,04d,stations,10000,1746087246,19800,Kochi,200,76.2538,9.9477,30.3,36.31,30.3,30.3,1009,72,1009,1008,4.32,203,3.79,100,IN,1746059861,1746104779,0,0,2025-05-01 08:14:06
804,Clouds,overcast clouds,04d,stations,10000,1746086774,19800,Kollam,200,76.585,8.8814,29.76,35.16,29.76,29.76,1009,73,1009,1008,3.21,210,2.57,100,IN,1746059853,1746104628,0,0,2025-05-01 08:06:14
804,Clouds,overcast clouds,04d,stations,10000,1746087247,19800,Vazhuthacaud,200,76.9492,8.4855,30.76,36.4,30.76,30.76,1009,68,1009,1007,3.76,231,3.14,100,IN,1746059792,1746104514,0,0,2025-05-01 08:14:07
804,Clouds,overcast clouds,04d,stations,10000,1746087247,19800,Kavaratti,200,72.6167,10.5667,30.11,36.33,30.11,30.11,1009,74,1009,1009,3.35,328,3.18,100,IN,1746060692,1746105694,0,0,2025-05-01 08:14:07
800,Clear,clear sky,01d,stations,10000,1746087247,19800,Bhopal,200,77.4029,23.2547,40.42,37.4,40.42,40.42,1005,10,1005,950,2.85,310,3.75,0,IN,1746058624,1746105465,0,0,2025-05-01 08:14:07
800,Clear,clear sky,01d,stations,10000,1746087247,19800,Gwalior,200,78.1734,26.2298,39.93,37.7,39.93,39.93,1005,14,1005,980,3.45,54,3.66,0,IN,1746058198,1746105521,0,0,2025-05-01 08:14:07
800,Clear,clear sky,01d,stations,10000,1746087247,19800,Indore,200,75.8586,22.7177,40.58,37.38,40.58,40.58,1006,9,1006,944,6.02,311,7.06,0,IN,1746059036,1746105794,0,0,2025-05-01 08:14:07
800,Clear,clear sky,01d,stations,10000,1746087248,19800,Jabalpur,200,79.9359,23.1745,38.15,38.13,38.15,38.15,1007,25,1007,960,2.67,275,3.63,0,IN,1746058022,1746104851,0,0,2025-05-01 08:14:08
800,Clear,clear sky,01d,stations,10000,1746087248,19800,Ratlam,200,75.0403,23.3303,40.14,36.96,40.14,40.14,1006,9,1006,955,7.01,283,7.15,0,IN,1746059184,1746106038,0,0,2025-05-01 08:14:08
800,Clear,clear sky,01d,stations,10000,1746087248,19800,Saugor,200,78.7387,23.8388,39.95,36.94,39.95,39.95,1005,10,1005,947,3.86,323,4.35,0,IN,1746058257,1746105191,0,0,2025-05-01 08:14:08
800,Clear,clear sky,01d,stations,10000,1746087248,19800,Ujjain,200,75.7764,23.1824,41.13,38.11,41.13,41.13,1005,10,1005,950,5.17,301,6.45,0,IN,1746059019,1746105850,0,0,2025-05-01 08:14:08
800,Clear,clear sky,01d,stations,10000,1746087248,19800,Ahmednagar,200,74.7384,19.0946,39.23,36.24,39.23,39.23,1007,10,1007,932,5.92,2,4.97,0,IN,1746059581,1746105787,0,0,2025-05-01 08:14:08
800,Clear,clear sky,01d,stations,10000,1746087249,19800,Akola,200,76.9981,20.7096,42.27,39.26,42.27,42.27,1005,10,1005,972,5.32,317,6.31,0,IN,1746058917,1746105365,0,0,2025-05-01 08:14:09
800,Clear,clear sky,01d,stations,10000,1746087249,19800,Amravati,200,77.7515,20.9333,40.97,38.4,40.97,40.97,1005,12,1005,967,2.61,311,3.93,2,IN,1746058720,1746105201,0,0,2025-05-01 08:14:09
800,Clear,clear sky,01d,stations,10000,1746087249,19800,Aurangabad,200,75.3467,19.8809,39.09,35.98,39.09,39.09,1007,9,1007,939,6.27,348,5.77,5,IN,1746059376,1746105699,0,0,2025-05-01 08:14:09
800,Clear,clear sky,01d,stations,10000,1746087249,19800,Bhiwandi,200,73.0588,19.3002,39.99,40.0,39.99,39.99,1007,22,1007,1001,5.02,289,4.99,0,IN,1746059968,1746106205,0,0,2025-05-01 08:14:09
800,Clear,clear sky,01d,stations,10000,1746087249,19800,Bhusaval,200,75.7851,21.0436,42.35,39.08,42.35,42.35,1005,9,1005,979,4.8,279,6.01,3,IN,1746059183,1746105682,0,0,2025-05-01 08:14:09
800,Clear,clear sky,01d,stations,10000,1746087249,19800,Chanda,200,79.2952,19.9508,42.63,41.65,42.63,42.63,1005,16,1005,982,1.99,183,3.54,2,IN,1746058424,1746104757,0,0,2025-05-01 08:14:09
800,Clear,clear sky,01d,stations,10000,1746087249,19800,Kalyan,200,73.1355,19.2437,40.5,40.09,40.5,40.5,1007,20,1007,1002,4.66,291,4.69,0,IN,1746059954,1746106183,0,0,2025-05-01 08:14:09
800,Clear,clear sky,01d,stations,10000,1746087249,19800,Raver,200,76.1174,21.2737,42.22,39.21,42.22,42.22,1005,10,1005,972,5.15,334,6.61,3,IN,1746059086,1746105620,0,0,2025-05-01 08:14:09
800,Clear,clear sky,01d,stations,10000,1746087249,19800,Kolhapur,200,74.2317,16.6956,40.43,37.41,40.43,40.43,1007,10,1007,939,4.9,47,4.6,0,IN,1746059877,1746105733,0,0,2025-05-01 08:14:09
800,Clear,clear sky,01d,stations,10000,1746087249,19800,Latur,200,76.5843,18.3995,39.76,36.76,39.76,39.76,1006,10,1006,938,6.26,15,5.96,4,IN,1746059189,1746105292,0,0,2025-05-01 08:14:09
800,Clear,clear sky,01d,stations,10000,1746087249,19800,Malegaon,200,74.5154,20.57,40.15,37.32,40.15,40.15,1007,11,1007,955,6.89,335,6.11,5,IN,1746059524,1746105951,0,0,2025-05-01 08:14:09
800,Clear,clear sky,01d,stations,10000,1746087250,19800,Chinchpokli,200,72.8364,18.9878,29.9,33.67,29.9,29.9,1008,65,1008,1008,5.5,298,5.83,0,IN,1746060045,1746106235,0,0,2025-05-01 08:14:10
800,Clear,clear sky,01d,stations,10000,1746087041,19800,Mudkhed,200,77.315,19.1602,42.23,39.22,42.23,42.23,1005,10,1005,963,4.7,12,5.57,3,IN,1746058958,1746105173,0,0,2025-05-01 08:10:41
800,Clear,clear sky,01d,stations,10000,1746087250,19800,Nashik,200,73.7769,20.0,38.43,35.87,38.43,38.43,1008,13,1008,936,5.69,313,4.54,3,IN,1746059744,1746106085,0,0,2025-05-01 08:14:10
800,Clear,clear sky,01d,stations,10000,1746087250,19800,Parbhani,200,76.7708,19.2686,41.44,38.42,41.44,41.44,1005,10,1005,960,4.28,3,5.66,0,IN,1746059080,1746105312,0,0,2025-05-01 08:14:10
800,Clear,clear sky,01d,stations,10000,1746087250,19800,Pune,200,73.8499,18.5133,39.62,36.78,39.62,39.62,1007,11,1007,936,4.08,313,5.09,1,IN,1746059837,1746105957,0,0,2025-05-01 08:14:10
800,Clear,clear sky,01d,stations,10000,1746087250,19800,Sangli,200,74.5692,16.8568,39.82,36.98,39.82,39.82,1007,11,1007,944,6.16,46,4.85,0,IN,1746059785,1746105664,0,0,2025-05-01 08:14:10
803,Clouds,broken clouds,04d,stations,10000,1746087251,19800,Imphal,200,93.9442,24.8081,27.46,27.52,27.46,27.46,1011,45,1011,912,0.09,27,1.04,61,IN,1746054531,1746101618,0,0,2025-05-01 08:14:11
802,Clouds,scattered clouds,03d,stations,10000,1746087251,19800,Shillong,200,91.8968,25.574,23.21,22.89,23.21,23.21,1012,50,1012,857,0.69,89,1.08,31,IN,1746054960,1746102172,0,0,2025-05-01 08:14:11
500,Rain,light rain,10d,stations,10000,1746087251,19800,Aizawl,200,92.7146,23.7367,29.51,29.46,29.51,29.51,1008,43,1008,944,0.91,324,1.8,97,IN,1746054912,1746101827,0,0,2025-05-01 08:14:11
803,Clouds,broken clouds,04d,stations,10000,1746087251,19800,Kohima,200,94.111,25.6747,19.61,19.51,19.61,19.61,1013,72,1013,865,1.4,42,1.48,77,IN,1746054421,1746101649,0,0,2025-05-01 08:14:11
800,Clear,clear sky,01d,stations,10000,1746087228,19800,Bhubaneswar,200,85.8334,20.2706,37.66,38.86,37.66,37.66,1007,30,1007,1003,5.49,168,4.79,3,IN,1746056831,1746103211,0,0,2025-05-01 08:13:48
800,Clear,clear sky,01d,stations,10000,1746087251,19800,Brahmapur,200,84.7929,19.3115,33.28,35.99,33.28,33.28,1009,47,1009,1002,5.55,150,3.35,0,IN,1746057152,1746103389,0,0,2025-05-01 08:14:11
800,Clear,clear sky,01d,stations,10000,1746087251,19800,Cuttack,200,85.7881,20.5229,37.7,38.01,37.7,37.7,1007,27,1007,1000,2.24,116,1.68,0,IN,1746056823,1746103241,0,0,2025-05-01 08:14:11
800,Clear,clear sky,01d,stations,10000,1746087251,19800,Puri,200,85.8249,19.7983,29.99,33.01,29.99,29.99,1009,61,1009,1009,5.29,167,3.83,1,IN,1746056869,1746103178,0,0,2025-05-01 08:14:11
802,Clouds,scattered clouds,03d,stations,10000,1746087252,19800,Banposh,200,84.8641,22.225,38.37,36.92,38.37,38.37,1006,19,1006,978,1.58,80,2.19,32,IN,1746056914,1746103593,0,0,2025-05-01 08:14:12
800,Clear,clear sky,01d,stations,10000,1746087252,19800,Sambalpur,200,83.9905,21.4781,36.02,35.95,36.02,36.02,1007,29,1007,985,5.52,306,3.43,0,IN,1746057181,1746103745,0,0,2025-05-01 08:14:12
800,Clear,clear sky,01d,stations,10000,1746087252,19800,Brajarajnagar,200,83.92,21.82,38.08,40.29,38.08,38.08,1008,32,1008,980,5.55,238,4.17,0,IN,1746057172,1746103789,0,0,2025-05-01 08:14:12
800,Clear,clear sky,01d,stations,10000,1746087252,19800,Talcher,200,85.23,20.95,37.04,37.26,37.04,37.04,1008,28,1008,994,3.31,120,3.16,0,IN,1746056924,1746103407,0,0,2025-05-01 08:14:12
804,Clouds,overcast clouds,04d,stations,10000,1746087252,19800,Puducherry,200,79.8298,11.9338,31.78,37.16,31.78,31.78,1007,62,1007,1006,5.39,129,4.78,99,IN,1746058868,1746104056,0,0,2025-05-01 08:14:12
800,Clear,clear sky,01d,stations,10000,1746087252,19800,Abohar,200,74.1955,30.1445,41.95,39.48,41.95,41.95,1005,12,1005,984,3.94,130,3.43,5,IN,1746058813,1746106815,0,0,2025-05-01 08:14:12
800,Clear,clear sky,01d,stations,10000,1746086659,19800,Amritsar,200,74.8765,31.6203,40.6,38.73,40.6,40.6,1006,15,1006,980,3.03,144,3.18,0,IN,1746058514,1746106787,0,0,2025-05-01 08:04:19
800,Clear,clear sky,01d,stations,10000,1746087252,19800,Hoshiarpur,200,75.9864,31.4632,38.46,36.61,38.46,38.46,1007,17,1007,970,4.1,170,2.64,0,IN,1746058263,1746106506,0,0,2025-05-01 08:14:12
800,Clear,clear sky,01d,stations,10000,1746087290,19800,Ludhiana,200,75.8538,30.912,39.42,37.55,39.42,39.42,1006,16,1006,978,3.92,139,2.99,0,IN,1746058345,1746106487,0,0,2025-05-01 08:14:50
800,Clear,clear sky,01d,stations,10000,1746087252,19800,Pathankot,200,75.6529,32.2748,39.04,37.31,39.04,39.04,1007,17,1007,970,1.52,118,1.4,0,IN,1746058267,1746106662,0,0,2025-05-01 08:14:12
800,Clear,clear sky,01d,stations,10000,1746087252,19800,Patiala,200,76.3922,30.3362,39.03,37.3,39.03,39.03,1006,17,1006,978,4.14,131,2.86,0,IN,1746058269,1746106305,0,0,2025-05-01 08:14:12
800,Clear,clear sky,01d,stations,10000,1746087111,19800,Ajmer,200,74.6387,26.4521,40.24,37.23,40.24,40.24,1005,10,1005,952,1.6,161,3.94,0,IN,1746059027,1746106388,0,0,2025-05-01 08:11:51
800,Clear,clear sky,01d,stations,10000,1746087126,19800,Alwar,200,76.6053,27.5657,38.18,35.92,38.18,38.18,1006,15,1006,966,3.99,97,3.29,0,IN,1746058461,1746106010,0,0,2025-05-01 08:12:06
800,Clear,clear sky,01d,stations,10000,1746087253,19800,Bharatpur,200,77.4928,27.2153,39.61,37.34,39.61,39.61,1006,14,1006,985,4.05,98,2.91,0,IN,1746058278,1746105767,0,0,2025-05-01 08:14:13
800,Clear,clear sky,01d,stations,10000,1746087253,19800,Bhilwara,200,74.6408,25.3471,41.72,38.24,41.72,41.72,1005,8,1005,958,2.74,340,6.08,0,IN,1746059118,1746106296,0,0,2025-05-01 08:14:13
803,Clouds,broken clouds,04d,stations,10000,1746087253,19800,Bikaner,200,73.315,28.0176,43.44,39.84,43.44,43.44,1003,8,1003,979,4.01,142,3.31,84,IN,1746059212,1746106839,0,0,2025-05-01 08:14:13
800,Clear,clear sky,01d,stations,10000,1746087121,19800,Rambagh,200,75.7873,26.9124,39.73,37.07,39.73,39.73,1005,12,1005,960,2.72,91,2.98,0,IN,1746058713,1746106151,0,0,2025-05-01 08:12:01
800,Clear,clear sky,01d,stations,10000,1746087238,19800,Ratanada,200,73.009,26.2692,40.57,38.97,40.57,40.57,1005,16,1005,979,3.43,218,3.13,0,IN,1746059433,1746106764,0,0,2025-05-01 08:13:58
800,Clear,clear sky,01d,stations,10000,1746087253,19800,Kota,200,75.8391,25.1825,41.61,38.84,41.61,41.61,1005,11,1005,972,1.64,356,3.16,0,IN,1746058844,1746105995,0,0,2025-05-01 08:14:13
800,Clear,clear sky,01d,stations,10000,1746087253,19800,Pali,200,73.3206,25.7751,41.41,40.04,41.41,41.41,1005,16,1005,980,6.0,229,5.19,3,IN,1746059400,1746106648,0,0,2025-05-01 08:14:13
800,Clear,clear sky,01d,stations,10000,1746087221,19800,Rambagh,200,75.7944,26.8782,39.87,37.22,39.87,39.87,1005,12,1005,961,2.66,88,2.92,0,IN,1746058714,1746106146,0,0,2025-05-01 08:13:41
800,Clear,clear sky,01d,stations,10000,1746087254,19800,Sikar,200,75.1387,27.6148,40.44,37.62,40.44,40.44,1005,11,1005,955,1.87,101,4.49,0,IN,1746058809,1746106366,0,0,2025-05-01 08:14:14
800,Clear,clear sky,01d,stations,10000,1746087254,19800,Tonk,200,75.7861,26.1687,41.62,38.6,41.62,41.62,1004,10,1004,973,2.58,83,3.65,0,IN,1746058776,1746106089,0,0,2025-05-01 08:14:14
800,Clear,clear sky,01d,stations,10000,1746087251,19800,Udaipur,200,73.6888,24.5792,40.32,37.5,40.32,40.32,1006,11,1006,934,6.43,266,5.7,0,IN,1746059409,1746106462,0,0,2025-05-01 08:14:11
804,Clouds,overcast clouds,04d,stations,10000,1746087254,19800,Gangtok,200,88.6122,27.3257,22.28,21.92,22.28,22.28,1015,52,1015,819,1.68,120,2.11,86,IN,1746055602,1746103107,0,0,2025-05-01 08:14:14
801,Clouds,few clouds,02d,stations,10000,1746087254,19800,Chetput,200,80.2484,13.0846,33.51,39.0,33.51,33.51,1007,55,1007,1006,7.89,142,5.61,17,IN,1746058688,1746104035,0,0,2025-05-01 08:14:14
804,Clouds,overcast clouds,04d,stations,10000,1746087001,19800,Coimbatore,200,76.9701,11.0102,35.83,37.53,35.83,35.83,1007,36,1007,956,3.97,214,4.07,100,IN,1746059617,1746104679,0,0,2025-05-01 08:10:01
804,Clouds,overcast clouds,04d,stations,10000,1746087254,19800,Cuddalore,200,79.7644,11.7463,31.41,37.16,31.41,31.41,1007,65,1007,1006,6.26,125,5.59,100,IN,1746058896,1746104059,0,0,2025-05-01 08:14:14
804,Clouds,overcast clouds,04d,stations,10000,1746087254,19800,Dindigul,200,77.9758,10.3629,35.24,37.98,35.24,35.24,1008,41,1008,964,1.37,201,2.45,100,IN,1746059419,1746104394,0,0,2025-05-01 08:14:14
804,Clouds,overcast clouds,04d,stations,10000,1746087254,19800,Karur,200,78.0768,10.9603,37.09,39.51,37.09,37.09,1007,35,1007,990,2.52,123,2.81,100,IN,1746059355,1746104410,0,0,2025-05-01 08:14:14
802,Clouds,scattered clouds,03d,stations,10000,1746087254,19800,Kanchipuram,200,79.7195,12.8696,38.27,40.28,38.27,38.27,1006,31,1006,997,3.04,161,2.44,49,IN,1746058830,1746104147,0,0,2025-05-01 08:14:14
804,Clouds,overcast clouds,04d,stations,10000,1746087254,19800,Kumbakonam,200,79.3775,10.9598,37.95,40.8,37.95,37.95,1006,34,1006,1003,3.81,206,4.18,100,IN,1746059043,1746104098,0,0,2025-05-01 08:14:14
804,Clouds,overcast clouds,04d,stations,10000,1746086730,19800,Madurai,200,78.1234,9.9241,35.94,39.38,35.94,35.94,1007,41,1007,991,3.52,229,3.06,90,IN,1746059414,1746104329,0,0,2025-05-01 08:05:30
804,Clouds,overcast clouds,04d,stations,10000,1746087255,19800,Nagercoil,200,77.4344,8.1773,30.85,37.2,30.85,30.85,1008,70,1008,1002,5.34,221,4.89,100,IN,1746059696,1746104377,0,0,2025-05-01 08:14:15
804,Clouds,overcast clouds,04d,stations,10000,1746087255,19800,Rajapalaiyam,200,77.5561,9.4511,34.62,38.71,34.62,34.62,1008,47,1008,972,2.95,126,1.28,95,IN,1746059582,1746104433,0,0,2025-05-01 08:14:15
804,Clouds,overcast clouds,04d,stations,10000,1746087255,19800,Salem,200,78.1587,11.6512,37.38,39.02,37.38,37.38,1007,32,1007,957,2.48,190,4.28,99,IN,1746059288,1746104438,0,0,2025-05-01 08:14:15
804,Clouds,overcast clouds,04d,stations,10000,1746087255,19800,Thanjavur,200,79.1391,10.7852,37.26,39.84,37.26,37.26,1007,35,1007,1000,2.68,174,2.38,100,IN,1746059112,1746104143,0,0,2025-05-01 08:14:15
804,Clouds,overcast clouds,04d,stations,10000,1746087195,19800,Tiruchirappalli,200,78.6965,10.8155,36.31,38.72,36.31,36.31,1007,37,1007,998,1.29,199,1.71,100,IN,1746059216,1746104252,0,0,2025-05-01 08:13:15
804,Clouds,overcast clouds,04d,stations,10000,1746087255,19800,Tirunelveli,200,77.6845,8.7252,35.31,38.45,35.31,35.31,1007,42,1007,1000,1.18,109,1.64,100,IN,1746059599,1746104354,0,0,2025-05-01 08:14:15
804,Clouds,overcast clouds,04d,stations,10000,1746087255,19800,Tiruvannamalai,200,79.073,12.2302,37.63,39.13,37.63,37.63,1006,31,1006,986,2.96,145,3.18,100,IN,1746059029,1746104258,0,0,2025-05-01 08:14:15
802,Clouds,scattered clouds,03d,stations,10000,1746087255,19800,Korampallam,200,78.1519,8.805,34.14,40.15,34.14,34.14,1007,54,1007,1006,6.91,174,6.03,25,IN,1746059482,1746104247,0,0,2025-05-01 08:14:15
804,Clouds,overcast clouds,04d,stations,10000,1746087255,19800,Valparai,200,76.9553,10.3252,25.52,25.98,25.52,25.52,1011,71,1011,893,1.9,274,1.62,100,IN,1746059667,1746104636,0,0,2025-05-01 08:14:15
804,Clouds,overcast clouds,04d,stations,10000,1746087255,19800,Vellore,200,79.1371,12.9058,38.98,40.45,38.98,38.98,1006,28,1006,972,3.67,111,3.71,90,IN,1746058967,1746104289,0,0,2025-05-01 08:14:15
800,Clear,clear sky,01d,stations,10000,1746087255,19800,Kinwat,200,78.31,19.4,41.09,38.78,41.09,41.09,1006,13,1006,956,0.26,32,3.28,0,IN,1746058701,1746104952,0,0,2025-05-01 08:14:15
800,Clear,clear sky,01d,stations,10000,1746087256,19800,Hyderabad,200,78.4564,17.3841,38.59,42.92,38.59,38.59,1010,36,1010,944,1.63,144,3.07,4,IN,1746058814,1746104769,0,0,2025-05-01 08:14:16
800,Clear,clear sky,01d,stations,10000,1746087256,19800,Karimnagar,200,79.1322,18.4367,40.37,39.91,40.37,40.37,1005,20,1005,971,3.02,168,4.1,0,IN,1746058575,1746104683,0,0,2025-05-01 08:14:16
800,Clear,clear sky,01d,stations,10000,1746087256,19800,Khammam,200,80.1437,17.2477,40.04,41.93,40.04,40.04,1006,27,1006,991,3.82,164,2.11,1,IN,1746058419,1746104354,0,0,2025-05-01 08:14:16
800,Clear,clear sky,01d,stations,10000,1746087256,19800,Mahbubnagar,200,78.0,16.75,37.98,37.09,37.98,37.98,1006,22,1006,950,1.69,112,3.1,0,IN,1746058969,1746104833,0,0,2025-05-01 08:14:16
800,Clear,clear sky,01d,stations,10000,1746087256,19800,Nalgonda,200,79.27,17.05,39.22,40.5,39.22,39.22,1006,27,1006,980,4.11,176,2.45,0,IN,1746058643,1746104549,0,0,2025-05-01 08:14:16
800,Clear,clear sky,01d,stations,10000,1746087256,19800,Nizamabad,200,78.1001,18.6732,40.91,38.58,40.91,40.91,1005,13,1005,960,3.36,28,4.35,2,IN,1746058805,1746104949,0,0,2025-05-01 08:14:16
800,Clear,clear sky,01d,stations,10000,1746087256,19800,Karimnagar,200,79.28,18.45,40.65,40.66,40.65,40.65,1005,21,1005,976,3.38,177,4.07,0,IN,1746058539,1746104649,0,0,2025-05-01 08:14:16
800,Clear,clear sky,01d,stations,10000,1746087256,19800,Warangal,200,79.6002,17.9784,39.76,40.33,39.76,39.76,1006,24,1006,975,4.33,177,2.88,0,IN,1746058496,1746104538,0,0,2025-05-01 08:14:16
801,Clouds,few clouds,02d,stations,10000,1746087256,19800,Agartala,200,91.2794,23.836,35.34,37.54,35.34,35.34,1008,39,1008,1005,0.67,333,1.45,16,IN,1746055249,1746102180,0,0,2025-05-01 08:14:16
800,Clear,clear sky,01d,stations,10000,1746087257,19800,Belanganj,200,78.0039,27.1879,39.34,37.24,39.34,39.34,1006,15,1006,987,4.08,106,2.96,0,IN,1746058158,1746105642,0,0,2025-05-01 08:14:17
800,Clear,clear sky,01d,stations,10000,1746086987,19800,Aligarh,200,78.069,27.8815,38.59,36.56,38.59,38.59,1006,16,1006,985,4.58,125,3.03,3,IN,1746058083,1746105686,0,0,2025-05-01 08:09:47
801,Clouds,few clouds,02d,stations,10000,1746087257,19800,George Town,200,81.8432,25.4448,39.13,37.42,39.13,39.13,1006,17,1006,995,1.81,75,1.43,22,IN,1746057382,1746104575,0,0,2025-05-01 08:14:17
801,Clouds,few clouds,02d,stations,10000,1746087257,19800,Fatehpur,200,80.7921,25.8943,38.71,37.6,38.71,38.71,1006,20,1006,993,3.49,103,2.89,14,IN,1746057597,1746104864,0,0,2025-05-01 08:14:17
803,Clouds,broken clouds,04d,stations,10000,1746087257,19800,Rampur,200,79.0403,28.8045,38.09,36.36,38.09,38.09,1007,18,1007,986,5.49,129,4.08,61,IN,1746057770,1746105533,0,0,2025-05-01 08:14:17
803,Clouds,broken clouds,04d,stations,10000,1746087257,19800,Bareilly,200,79.4219,28.347,38.17,36.26,38.17,38.17,1008,17,1008,988,5.09,130,4.19,55,IN,1746057718,1746105401,0,0,2025-05-01 08:14:17
801,Clouds,few clouds,02d,stations,10000,1746087257,19800,Bahraich,200,81.6947,27.5982,37.86,36.48,37.86,37.86,1008,20,1008,993,6.04,107,5.32,12,IN,1746057238,1746104791,0,0,2025-05-01 08:14:17
802,Clouds,scattered clouds,03d,stations,10000,1746087257,19800,Budaun,200,79.1267,28.0381,38.07,36.14,38.07,38.07,1007,17,1007,988,5.64,118,4.19,28,IN,1746057816,1746105445,0,0,2025-05-01 08:14:17
802,Clouds,scattered clouds,03d,stations,10000,1746086858,19800,Bulandshahr,200,77.8606,28.402,37.59,36.13,37.59,37.59,1007,20,1007,983,4.33,125,3.16,33,IN,1746058088,1746105781,0,0,2025-05-01 08:07:38
800,Clear,clear sky,01d,stations,10000,1746087257,19800,Firozabad,200,78.3978,27.1509,39.39,37.3,39.39,39.39,1006,15,1006,988,4.86,105,3.19,0,IN,1746058067,1746105544,0,0,2025-05-01 08:14:17
801,Clouds,few clouds,02d,stations,10000,1746087258,19800,Faizabad,200,82.1502,26.7755,38.39,37.17,38.39,38.39,1007,20,1007,996,5.73,105,4.97,24,IN,1746057198,1746104612,0,0,2025-05-01 08:14:18
800,Clear,clear sky,01d,stations,10000,1746087258,19800,Ghaziabad,200,77.4391,28.6654,36.28,35.87,36.28,36.28,1008,27,1008,982,3.31,133,2.99,6,IN,1746058166,1746105905,0,0,2025-05-01 08:14:18
800,Clear,clear sky,01d,stations,10000,1746087258,19800,Gorakhpur,200,83.3806,26.7354,38.02,36.47,38.02,38.02,1008,19,1008,998,5.28,97,4.83,9,IN,1746056906,1746104313,0,0,2025-05-01 08:14:18
800,Clear,clear sky,01d,stations,10000,1746086903,19800,Hapur,200,77.7818,28.7275,37.29,35.95,37.29,37.29,1007,21,1007,982,4.37,122,3.0,9,IN,1746058079,1746105828,0,0,2025-05-01 08:08:23
800,Clear,clear sky,01d,stations,10000,1746087258,19800,Hathras,200,78.0138,27.5927,39.04,36.89,39.04,39.04,1006,15,1006,986,4.65,119,3.07,1,IN,1746058121,1746105674,0,0,2025-05-01 08:14:18
800,Clear,clear sky,01d,stations,10000,1746087258,19800,Jhansi,200,78.5799,25.4589,40.22,38.03,40.22,40.22,1005,14,1005,977,3.77,31,4.32,0,IN,1746058164,1746105360,0,0,2025-05-01 08:14:18
800,Clear,clear sky,01d,stations,10000,1746087253,19800,Lucknow,200,80.9242,26.8425,37.89,41.87,37.89,37.89,1008,37,1008,993,3.99,116,4.34,0,IN,1746057487,1746104912,0,0,2025-05-01 08:14:13
800,Clear,clear sky,01d,stations,10000,1746087258,19800,Mathura,200,77.6721,27.5035,39.13,36.99,39.13,39.13,1006,15,1006,986,4.32,118,2.84,0,IN,1746058211,1746105749,0,0,2025-05-01 08:14:18
800,Clear,clear sky,01d,stations,10000,1746087046,19800,Meerut,200,77.7062,28.9769,37.1,35.71,37.1,37.1,1007,21,1007,981,4.23,123,2.95,6,IN,1746058075,1746105868,0,0,2025-05-01 08:10:46
801,Clouds,few clouds,02d,stations,10000,1746087061,19800,Mirzapur,200,82.5732,25.1377,39.2,37.29,39.2,39.2,1006,16,1006,993,2.8,58,2.47,18,IN,1746057232,1746104375,0,0,2025-05-01 08:11:01
802,Clouds,scattered clouds,03d,stations,10000,1746087258,19800,Moradabad,200,78.7768,28.8389,38.4,36.74,38.4,38.4,1007,18,1007,985,4.94,139,4.03,32,IN,1746057830,1746105599,0,0,2025-05-01 08:14:18
802,Clouds,scattered clouds,03d,stations,10000,1746087258,19800,Muzaffarnagar,200,77.7033,29.4709,38.14,36.42,38.14,38.14,1007,18,1007,979,4.99,137,2.86,46,IN,1746058032,1746105912,0,0,2025-05-01 08:14:18
803,Clouds,broken clouds,04d,stations,10000,1746087258,19800,Pilibhit,200,79.8044,28.6312,37.62,35.79,37.62,37.62,1008,18,1008,985,4.12,139,4.16,77,IN,1746057602,1746105334,0,0,2025-05-01 08:14:18
800,Clear,clear sky,01d,stations,10000,1746087258,19800,Saharanpur,200,77.5452,29.9679,38.01,36.26,38.01,38.01,1007,18,1007,976,4.17,120,3.05,0,IN,1746058026,1746105995,0,0,2025-05-01 08:14:18
800,Clear,clear sky,01d,stations,10000,1746087259,19800,Khairabad,200,80.7509,27.5988,38.08,36.99,38.08,38.08,1007,21,1007,991,5.93,117,5.45,5,IN,1746057464,1746105018,0,0,2025-05-01 08:14:19
800,Clear,clear sky,01d,stations,10000,1746087259,19800,Shahjahanpur,200,79.8793,27.8741,38.15,36.43,38.15,38.15,1007,18,1007,990,5.1,120,4.83,6,IN,1746057650,1746105250,0,0,2025-05-01 08:14:19
800,Clear,clear sky,01d,stations,10000,1746087259,19800,Etawah,200,79.0149,26.7582,39.2,37.51,39.2,39.2,1006,17,1006,990,4.65,99,3.52,0,IN,1746057952,1746105363,0,0,2025-05-01 08:14:19
802,Clouds,scattered clouds,03d,stations,10000,1746086738,19800,Varanasi,200,83.0058,25.315,39.29,37.39,39.29,39.29,1006,16,1006,998,1.7,55,1.95,27,IN,1746057114,1746104285,0,0,2025-05-01 08:05:38
804,Clouds,overcast clouds,04d,stations,10000,1746087260,19800,Dehra Dun,200,78.0339,30.3244,33.18,31.47,33.18,33.18,1010,24,1010,917,1.58,99,1.98,87,IN,1746057876,1746105910,0,0,2025-05-01 08:14:20
801,Clouds,few clouds,02d,stations,10000,1746087260,19800,Koch Bihar,200,89.5229,26.4835,34.75,34.12,34.75,34.75,1009,29,1009,1003,3.34,109,4.86,13,IN,1746055454,1746102817,0,0,2025-05-01 08:14:20
803,Clouds,broken clouds,04d,stations,10000,1746087260,19800,Jaykaynagar,200,86.9833,23.6833,35.51,35.42,35.51,35.51,1008,30,1008,994,3.47,111,2.68,66,IN,1746056291,1746103199,0,0,2025-05-01 08:14:20
802,Clouds,scattered clouds,03d,stations,10000,1746087260,19800,Barddhaman,200,87.8569,23.2557,38.29,37.79,38.29,38.29,1007,23,1007,1003,0.28,249,0.63,29,IN,1746056116,1746102955,0,0,2025-05-01 08:14:20
800,Clear,clear sky,01d,stations,10000,1746087260,19800,Chunchura,200,88.4011,22.8664,36.68,36.7,36.68,36.68,1008,28,1008,1007,4.18,145,3.41,7,IN,1746056016,1746102794,0,0,2025-05-01 08:14:20
800,Clear,clear sky,01d,stations,10000,1746087260,19800,Haldia,200,88.0583,22.0253,33.97,35.38,33.97,33.97,1009,40,1009,1008,4.03,186,3.49,5,IN,1746056163,1746102811,0,0,2025-05-01 08:14:20
800,Clear,clear sky,01d,stations,10000,1746087260,19800,Howrah,200,88.3186,22.5769,35.79,35.84,35.79,35.79,1008,30,1008,1008,2.47,141,1.97,0,IN,1746056058,1746102791,0,0,2025-05-01 08:14:20
800,Clear,clear sky,01d,stations,10000,1746087260,19800,Kolkata,200,88.363,22.5626,35.43,35.53,35.43,35.43,1008,31,1008,1008,1.97,142,1.72,0,IN,1746056049,1746102779,0,0,2025-05-01 08:14:20
802,Clouds,scattered clouds,03d,stations,10000,1746087260,19800,Krishnanagar,200,88.4907,23.4058,37.26,36.81,37.26,37.26,1007,25,1007,1006,3.31,62,2.67,34,IN,1746055952,1746102815,0,0,2025-05-01 08:14:20
802,Clouds,scattered clouds,03d,stations,10000,1746087261,19800,Siliguri,200,88.4285,26.71,34.99,33.9,34.99,34.99,1009,26,1009,987,3.05,116,3.51,45,IN,1746055698,1746103099,0,0,2025-05-01 08:14:21
